Followers,Following,Not Following You Back,LMFAO UNFOLLOWED,Fans
51ddh4rth_,51ddh4rth_,clemens.blanz,___urban_naxal___,
_.am.e00__,_.am.e00__,feliciathegoat,_khuuussshiii,
_.artemis_1235._,_.artemis_1235._,gazisj,aiadventureryt,
_.aryxxnn_,_.aryxxnn_,justinkaminuma,anmolpahwaa,
_.san.___,_.san.___,kawaii.fairy._,gracy_bhuva_,
_devbajaj_,_devbajaj_,kshitijsharma.ig,irish_coffee1112,
_ice_bearrr,_ice_bearrr,offscrambledegg,kumar__saa,
_s.aditiiiii,_s.aditiiiii,orange_leopard_ig,sahimasingh_13,
_saumyab_,_saumyab_,pycode.hubb,sylvaiine,
abhi.parakhiya,abhi.parakhiya,sluj.art,unmatchedkicks.in,
adeardiaryofv,adeardiaryofv,ssncee,vee_daily19,
advocatebhodai,advocatebhodai,themarias,whitechocolatecookiedoughfudge,
akk_s04,akk_s04,,,
alaxx_95,alaxx_95,,,
alvyoli,alvyoli,,,
an4ndini,an4ndini,,,
ananditabagchi26,ananditabagchi26,,,
ankit101_,ankit101_,,,
ankyyyt_21,ankyyyt_21,,,
anshkaran7,anshkaran7,,,
anzuweemama,anzuweemama,,,
bhroless,bhroless,,,
cden.now_013,cden.now_013,,,
chamomile_desu,chamomile_desu,,,
chaotic.helio_,chaotic.helio_,,,
divyawanii23_,clemens.blanz,,,
dubob.2512,divyawanii23_,,,
dustydreqms,dubob.2512,,,
frustum.exe,dustydreqms,,,
gauravsonawane__,feliciathegoat,,,
gautammsharma,frustum.exe,,,
gojozaddy,gauravsonawane__,,,
hallucinating69,gautammsharma,,,
hell_cat10,gazisj,,,
iblameroit,gojozaddy,,,
iddi.pp,hallucinating69,,,
iillhhaammk,hell_cat10,,,
im_mayurpatil_,iblameroit,,,
its.okokare,iddi.pp,,,
itsnotyasha,iillhhaammk,,,
kirtan_kalathiya_kk,im_mayurpatil_,,,
koushik._._.19,its.okokare,,,
kritik4a,itsnotyasha,,,
kyaayaardev,justinkaminuma,,,
lame__head,kawaii.fairy._,,,
lavcore,kirtan_kalathiya_kk,,,
mani_0726,koushik._._.19,,,
mehul_sharma.__,kritik4a,,,
nawtprerna,kshitijsharma.ig,,,
nayak_gunjan1,kyaayaardev,,,
neecityy,lame__head,,,
nerd_bud,lavcore,,,
ninned0,mani_0726,,,
nonchalant.nugget,mehul_sharma.__,,,
not_yet_rahul,nawtprerna,,,
notapoorvaraj,nayak_gunjan1,,,
npxmnv,neecityy,,,
o_oyyysushh,nerd_bud,,,
oberoi_sahaj,ninned0,,,
oliviaaduval,nonchalant.nugget,,,
onlifrndss,not_yet_rahul,,,
piyushnegi_,notapoorvaraj,,,
prernaranaa,npxmnv,,,
purvaisdreamy,o_oyyysushh,,,
repert0ire,oberoi_sahaj,,,
ru.121201,offscrambledegg,,,
saleh_khatri,oliviaaduval,,,
shazzzzaamm,onlifrndss,,,
shi.kio7,orange_leopard_ig,,,
shreyonomics._02,piyushnegi_,,,
shubh_parmar_21,prernaranaa,,,
shuvshuv_bolo,purvaisdreamy,,,
simarrkheraa,pycode.hubb,,,
soham.misra,repert0ire,,,
srush.jpeg,ru.121201,,,
srushti.rawtoo,saleh_khatri,,,
ui.critic,shazzzzaamm,,,
umangtodi.in,shi.kio7,,,
uzer__kagzi,shreyonomics._02,,,
vashistha1802,shubh_parmar_21,,,
vedantiwari.24,shuvshuv_bolo,,,
vishalp.singh,simarrkheraa,,,
vivek_ajmeri,sluj.art,,,
vvksoff,soham.misra,,,
whatfaman,srush.jpeg,,,
whos_shreyy,srushti.rawtoo,,,
xaaloka,ssncee,,,
xivreen,themarias,,,
yaakit_1808,ui.critic,,,
yashvily,umangtodi.in,,,
youmayknoemeasbatman,uzer__kagzi,,,
,vashistha1802,,,
,vedantiwari.24,,,
,vishalp.singh,,,
,vivek_ajmeri,,,
,vvksoff,,,
,whatfaman,,,
,whos_shreyy,,,
,xaaloka,,,
,xivreen,,,
,yaakit_1808,,,
,yashvily,,,
,youmayknoemeasbatman,,,
